id,category,username,active,pictures,FuelType,Status,StockNumber,Vin,OptionsList,ZipCode,Price,Transmission,Mileage,Year,MakeModel[1],MakeModel[2],BodyStyle,IW_NO,SellerComments,AutoEngine,BodyDescription,Trim,ExteriorColor,InteriorColor,Doors,DriveType,DriverAirbag,PassengerAirbag,AntiLockBrakes,ChildSeat,CruiseControl,PowerSeats,AirConditioning,PowerWindows,RearWindowDefroster,TintedGlass,AmFmStereoTape,CompactDiscPlayer,PowerDoorLocks,Sunroof,PowerMirrors,LeatherSeats,Bluetooth,TowPackage,RemoteStart,NavigationSystem,TractionControl,ExtendedCab,CrewCab,ShortBox,BoxLiner,DualFrontAirbags,SideImpactAirbag,SatelliteRadio,KeylessEntry,PowerSeat,Spoiler,OnStar,ReversePark,StabilityControl,HeatedSeats,LeatherInterior,RunningBoards,RearSlidingWindow,HillAscentControl,RearWindowWiper,TractionControlSystem,ClimateControl,Auxiliary12VOutlet,AntiTheft,DualClimateControls,AutoDimmingMirrors,MemorySeats,RearViewCamera,PowerLiftGates,3rdRowSeating,HeatedMirrors,TiltTelescopicSteering,5thWheel,TrailerBrakeControl,AutoHeadlights,BedMat,BenchSeatsSplit,BucketSeats,CabStepsTubes,DualRearWheel,ElectricShift,DVDVHSRemote,FogLights,IntermittentWipers,OffRoadPackage,SideBedCaps,PowerPedals,TonneauCover,TowHooks,BackUpCam,OverheadAirbag,KneeAirbag,SecuritySystem,TripComputer,MP3Decoder,BrakeAssist,LuggageRack,GarageDoorOpener
31233,Car,2,true,,Gas,Available,15101A,1FTPX12564NC58296,,,8999,Automatic,87349,2004,Ford,F150,Truck,,,5.4L,,XLT,Tan,Tan,,RWD,false,false,false,false,true,true,true,true,false,false,false,true,false,false,true,false,false,true,false,false,false,false,false,false,false,true,false,false,true,false,false,false,false,false,false,false,false,false,false,false,false,false,false,false,false,false,false,false,false,false,false,true,false,false,true,false,false,true,true,false,false,false,false,true,false,false,true,true,true,false,false,false,false,false,false,false,false,false
30313,Car,2,true,pictures/30313_1.jpg;pictures/30313_2.jpg;pictures/30313_3.jpg;pictures/30313_4.jpg;pictures/30313_5.jpg;pictures/30313_6.jpg;pictures/30313_7.jpg;pictures/30313_8.jpg,Gas,Available,S1511,2FMDK4KC4EBA76204,,,36999,6 Speed Automatic,21759,2014,Ford,Edge Limited,SUV,,,3.5L,,,Black,Black,4,AWD,false,false,false,false,true,true,true,true,true,true,false,false,false,true,true,false,false,false,true,true,true,false,false,false,false,true,false,false,true,false,true,true,true,false,true,false,false,false,false,false,false,false,false,false,false,false,false,false,false,false,false,true,false,false,true,false,false,true,false,false,false,false,true,true,false,false,false,false,false,true,false,false,false,false,false,false,false,false
21180,Car,2,false,pictures/21180_1.jpg;pictures/21180_2.jpg;pictures/21180_3.jpg;pictures/21180_4.jpg;pictures/21180_5.jpg;pictures/21180_6.jpg;pictures/21180_7.jpg;pictures/21180_8.jpg,Gas,Available,11318A,1FMCU9J91DUB66847,,,29999,Automatic,38185,2013,Ford,Escape,SUV,,,2.0L,TITANIUM,,White Platinum,Black,4 doors,4x4,false,false,false,false,true,true,true,true,true,true,false,true,false,true,true,false,false,false,true,false,false,false,false,false,false,true,false,false,true,false,false,true,true,false,true,false,false,false,false,false,false,false,false,false,false,false,false,false,false,false,false,true,false,false,true,false,false,true,false,false,false,false,true,true,false,false,false,false,false,false,false,false,false,false,false,false,false,false
31237,Car,2,true,pictures/31237_1.jpg;pictures/31237_2.jpg;pictures/31237_3.jpg;pictures/31237_4.jpg;pictures/31237_5.jpg;pictures/31237_6.jpg;pictures/31237_7.jpg,Gas,Available,15123A,1FTFX1EF6DFA70050,,,34999,6 Speed Automatic,28766,2013,Ford,F150 ,Truck,,,5.0L,,FX4 APPEARANCE PKG,Silver,Black,4 doors,4X4-145,false,false,false,false,true,true,true,false,true,true,false,true,false,false,true,false,false,true,true,false,true,false,false,false,false,false,false,false,true,false,false,true,false,false,false,false,false,true,false,false,false,false,false,false,false,false,false,false,false,false,false,false,false,false,false,false,false,true,true,false,true,false,true,true,false,false,true,false,true,true,false,false,false,false,false,false,false,false
28991,Car,2,false,pictures/28991_1.jpg;pictures/28991_2.jpg;pictures/28991_3.jpg;pictures/28991_4.jpg;pictures/28991_5.jpg;pictures/28991_6.jpg;pictures/28991_7.jpg;pictures/28991_8.jpg,Gas,Available,14314A,1FMCU9GX3DUB26520,,,19999,Automatic,96629,2013,Ford,Escape,SUV,,,1.6L,4X4,SE,Atlantis Blue Metallic,Grey,4DR,4 X 4,false,false,false,false,true,false,true,true,true,true,false,true,false,true,true,false,false,false,false,false,true,false,false,false,false,true,false,false,true,false,false,true,false,false,true,false,false,false,false,false,false,false,false,false,false,false,false,false,false,false,false,true,false,false,true,false,false,true,false,false,false,false,false,true,false,false,false,false,false,false,false,false,false,false,false,false,false,false
31006,Car,2,true,pictures/31006_1.jpg;pictures/31006_2.jpg;pictures/31006_3.jpg;pictures/31006_4.jpg;pictures/31006_5.jpg;pictures/31006_6.jpg;pictures/31006_7.jpg;pictures/31006_8.jpg,Gas,available,14389A,1FMHK8F87CGA37496,,,34999,Automatic,39664,2012,Ford,Explorer,SUV,,,3.5L,4X4,LIMITED,White,Black,4DR,4 X 4,false,false,false,false,true,true,true,true,false,true,false,true,false,true,true,false,false,true,true,false,true,false,false,false,false,true,false,false,true,false,false,true,true,false,true,false,false,false,false,false,false,false,false,false,false,false,false,false,false,false,false,false,false,false,true,false,false,true,false,false,true,false,true,false,true,false,false,false,false,true,false,false,false,false,false,false,false,false
31019,Car,2,true,pictures/31019_1.jpg;pictures/31019_2.jpg;pictures/31019_3.jpg;pictures/31019_4.jpg;pictures/31019_5.jpg;pictures/31019_6.jpg;pictures/31019_7.jpg;pictures/31019_8.jpg,Gas,Available,15135A,3FADP4BJ8BM181896,,,9999,Automatic,95946,2011,Ford,Fiesta SE,Sedan,,,1.6L,,SE,Red,Stone,4,FWD,false,false,false,false,false,false,true,true,true,false,false,true,false,false,true,false,false,false,true,false,true,false,false,false,false,true,false,false,false,false,false,true,false,false,true,false,false,false,false,false,false,false,false,false,false,false,false,false,false,false,false,true,false,false,false,false,false,true,false,false,false,false,false,true,false,false,false,false,false,false,false,false,false,false,false,false,false,false
31232,Car,2,true,,Gas,Available,14315B,2C3HH56J8XH691264,,,2499,Automatic,329528,1999,Chrysler,Intrepid,Sedan,,,3.2L V6,,ES,Red,Grey,4 doors,FWD,false,false,false,false,true,true,true,true,true,false,false,true,false,false,true,false,false,false,false,false,false,false,false,false,false,true,false,false,true,false,false,false,false,false,false,false,false,false,false,false,false,false,false,false,false,false,false,false,false,false,false,true,false,false,false,false,false,true,false,false,false,false,false,true,false,false,false,false,false,false,false,false,false,false,false,false,false,false
21141,Car,2,false,pictures/21141_1.jpg;pictures/21141_2.jpg;pictures/21141_3.jpg;pictures/21141_4.jpg;pictures/21141_5.jpg;pictures/21141_6.jpg;pictures/21141_7.jpg;pictures/21141_8.jpg,Gas,Available,C1192,1FB553BL3CDA55488,,,36999,Automatic,56116,2012,Ford,E-350,Van,,,5.4L,,,Silver,Grey,4 doors,RWD,false,false,false,false,true,true,true,true,false,true,false,true,false,false,true,false,false,true,false,false,false,false,false,false,false,true,false,false,true,false,false,true,true,false,false,false,false,false,false,false,false,false,false,false,false,false,false,false,false,false,false,false,false,false,false,false,false,true,true,false,false,false,false,true,false,false,false,false,false,false,false,false,false,false,false,false,false,false
25342,Car,2,false,pictures/25342_1.jpg;pictures/25342_2.jpg;pictures/25342_3.jpg;pictures/25342_4.jpg;pictures/25342_5.jpg;pictures/25342_6.jpg;pictures/25342_7.jpg;pictures/25342_8.jpg,Gas,Available,13367B,1FAFP56U07A124776,,,5999,Automatic,146872,2007,Ford,Taurus,Sedan,,,3.0L,SEL,,Tan,Tan,4 doors,FWD,false,false,false,false,true,true,true,true,true,false,false,true,false,true,true,false,false,false,false,false,false,false,false,false,false,true,false,false,true,false,true,false,false,false,false,false,false,false,false,false,false,false,false,false,false,false,false,false,false,false,false,true,false,false,true,false,false,true,false,false,false,false,false,true,false,false,false,false,false,false,false,false,false,false,false,false,false,false
30542,Car,2,true,,Gasoline,Available,13397A,1FAFP53U47A129371,,,5999,Automatic,169397,2007,Ford,Taurus,Sedan,,,3.0L,,SE,Brown,Tan,4,FWD,false,false,false,false,true,true,true,true,true,false,false,true,false,false,true,false,false,false,false,false,true,false,false,false,false,false,false,false,true,false,false,false,false,false,false,false,false,false,false,false,false,false,false,false,false,false,false,false,false,false,false,true,false,false,false,false,false,true,false,false,false,false,false,true,false,false,false,false,false,false,false,false,false,false,false,false,false,false
22359,Car,2,false,pictures/22359_1.jpg;pictures/22359_2.jpg;pictures/22359_3.jpg;pictures/22359_4.jpg;pictures/22359_5.jpg;pictures/22359_6.jpg;pictures/22359_7.jpg,Gas,Available,S1336,1FM5K8D86DGB48970,,,36999,Automatic,31963,2013,Ford,Explorer,SUV,,,3.5L,XLT,,Red,Black,4 doors,4x4,false,false,false,false,true,true,true,true,true,true,false,true,false,true,true,false,false,true,false,false,true,false,false,false,false,true,false,false,true,false,true,true,true,false,true,false,false,false,false,false,false,false,false,false,false,false,false,true,false,false,false,true,false,false,true,false,false,true,false,false,false,false,true,true,false,false,false,false,true,false,false,false,false,false,false,false,true,false
29412,Car,2,true,pictures/29412_1.jpg;pictures/29412_2.jpg;pictures/29412_3.jpg;pictures/29412_4.jpg;pictures/29412_5.jpg;pictures/29412_6.jpg;pictures/29412_7.jpg;pictures/29412_8.jpg,Gas,Available,14328A,3FAHP07Z58R100101,,,8999,Automatic,149534,2008,Ford,Fusion,Sedan,,,2.5L,FWD,SE,Silver,Black,4 doors,FWD,false,false,false,false,true,false,true,true,true,true,false,true,false,false,true,false,false,false,false,false,true,false,false,false,false,true,false,false,true,false,false,false,false,false,false,false,false,false,false,false,false,false,false,false,false,false,false,false,false,false,false,false,false,false,false,false,false,true,false,false,false,false,false,true,false,false,false,false,false,false,false,false,false,false,false,false,false,false
30517,Car,2,true,pictures/30517_1.jpg;pictures/30517_2.jpg;pictures/30517_3.jpg;pictures/30517_4.jpg;pictures/30517_5.jpg;pictures/30517_6.jpg;pictures/30517_7.jpg;pictures/30517_8.jpg,Gas,Available,S1554,2FMDK4JC6EBB50207,,,36999,Automatic,9644,2014,Ford,Edge,Truck,,,3.5L,,SEL,Silver,Charcoal,4,AWD,false,false,false,false,true,true,true,true,true,true,false,true,false,true,true,false,false,false,false,true,true,false,false,false,false,true,false,false,true,false,false,true,true,false,true,false,false,false,false,false,false,false,false,false,false,false,false,false,false,false,false,true,false,false,true,false,false,true,false,false,false,false,false,true,false,false,false,false,false,true,false,false,false,false,false,false,false,false
21142,Car,2,false,pictures/21142_1.jpg;pictures/21142_2.jpg;pictures/21142_3.jpg;pictures/21142_4.jpg;pictures/21142_5.jpg;pictures/21142_6.jpg;pictures/21142_7.jpg;pictures/21142_8.jpg,Gas,Available,S1193,1FB553BL8CDA65787,,,36999,Automatic,72014,2012,Ford,E-350,Truck,,,5.4L,,,White,Grey,5 doors,RWD,false,false,false,false,true,true,true,true,false,false,false,true,false,false,true,false,false,false,false,false,false,false,false,false,false,true,false,false,true,false,false,true,true,false,false,false,false,false,false,false,false,false,false,false,false,false,false,false,false,false,false,true,false,false,true,false,false,true,true,false,false,false,true,true,false,false,false,false,false,false,false,false,false,false,false,false,false,false
31282,Car,2,true,,Gas,Available,15174A,1FT8W3BTXBEB64078,,,38999,Automatic,140492,2011,Ford,F350 Crew Lariat,Truck,,,6.7L,,,Blue/Grey,Black,4 doors,4X4-156,false,false,false,false,true,true,true,true,true,true,false,true,false,true,true,false,false,true,true,false,true,false,false,false,false,true,false,false,true,false,false,true,true,false,true,false,false,true,false,false,false,false,false,false,false,false,false,false,false,false,false,true,false,true,true,false,false,true,true,false,true,false,true,true,false,false,true,false,true,true,false,false,false,false,false,false,false,false
29297,Car,2,true,pictures/29297_1.jpg;pictures/29297_2.jpg;pictures/29297_3.jpg;pictures/29297_4.jpg;pictures/29297_5.jpg;pictures/29297_6.jpg;pictures/29297_7.jpg,Gas,Available,14188A,1FMCU9EGXBKA10646,,,19999,Automatic,99682,2011,Ford,Escape,SUV,,,3.0L,4X4,LIMITED,White,Grey,4 doors,4 X 4,false,false,false,false,true,true,true,true,false,false,false,true,false,true,true,false,false,false,true,false,false,false,false,false,false,true,false,false,true,false,false,true,false,false,true,false,false,false,false,false,false,false,false,false,false,false,false,false,false,false,false,true,false,false,true,false,false,true,false,false,false,false,true,true,false,false,false,false,false,true,false,false,false,false,false,false,false,false
31229,Car,2,true,,Gas,Available,15094A,1FT8W3BT4CEB97871,,,38999,Automatic,141739,2012,Ford,F350,Truck,,,6.7L,,LARIAT,Black,Black,4 doors,4x4,false,false,false,false,true,true,true,true,true,true,false,true,false,true,true,false,false,true,true,true,true,false,false,false,true,true,false,false,true,false,false,true,false,false,true,false,false,false,false,false,false,false,false,false,false,false,false,false,false,false,false,true,false,true,true,false,false,true,true,false,true,false,true,true,true,false,true,true,true,true,false,false,false,false,false,false,false,false
30513,Car,2,true,pictures/30513_1.jpg;pictures/30513_2.jpg;pictures/30513_3.jpg;pictures/30513_4.jpg;pictures/30513_5.jpg;pictures/30513_6.jpg;pictures/30513_7.jpg;pictures/30513_8.jpg,Diesel,Available,15095A,1FT7W2BT8BEC83236,,,33999,Automatic,113877,2011,Ford,F250,Truck,,,6.7L,CREW CAB 3/4 TON 156,XLT,Silver,Grey,4,4X4-156,false,false,false,false,true,true,true,true,false,true,false,true,false,false,true,false,false,true,true,false,false,false,false,false,false,true,false,false,true,false,false,true,false,false,false,false,false,false,false,false,false,false,false,false,false,false,false,false,false,false,false,true,true,false,true,false,false,true,true,false,true,false,true,true,false,false,false,false,true,true,false,false,false,false,false,false,false,false
30511,Car,2,true,pictures/30511_1.jpg;pictures/30511_2.jpg;pictures/30511_3.jpg;pictures/30511_4.jpg;pictures/30511_5.jpg;pictures/30511_6.jpg;pictures/30511_7.jpg;pictures/30511_8.jpg,Diesel,Available,14308A,3C6UR5DL6DG532032,,,39999,Automatic,109749,2013,Ram,2500 Pickup,Truck,,,6.7L,CREW 4X4,OUTDOORSMAN,Blue,Grey,4 doors,4x4,false,false,false,false,true,true,true,true,true,true,false,true,false,false,true,false,false,true,true,false,true,false,false,false,false,true,false,false,true,false,false,true,false,false,false,false,false,true,false,false,false,false,false,false,false,false,false,false,false,false,false,true,false,true,true,false,false,true,false,false,true,false,true,true,false,false,false,false,true,true,false,false,false,false,false,false,false,false
30546,Car,2,true,pictures/30546_1.jpg;pictures/30546_2.jpg;pictures/30546_3.jpg;pictures/30546_4.jpg;pictures/30546_5.jpg;pictures/30546_6.jpg;pictures/30546_7.jpg;pictures/30546_8.jpg,Gas,Available,14304B,1FTPW14V39FB37307,,,17999,Automatic,141310,2009,Ford,F150,Truck,,,5.4L,CREW 4X4,XLT/XTR,Blue,Stone,4DR,4 X 4,false,false,false,false,true,true,true,true,false,true,false,true,false,false,false,false,false,true,true,false,true,false,false,false,false,true,false,false,true,false,false,true,false,false,false,false,false,false,false,false,false,false,false,false,false,false,false,false,false,false,false,true,false,false,true,false,true,false,true,false,false,false,true,true,false,false,false,false,true,false,false,false,false,false,false,false,false,false
31231,Car,2,true,pictures/31231_1.jpg;pictures/31231_2.jpg;pictures/31231_3.jpg;pictures/31231_4.jpg;pictures/31231_5.jpg;pictures/31231_6.jpg;pictures/31231_7.jpg;pictures/31231_8.jpg,Gas,Available,15002A,1FT8W3BT2EEA00828,,,57999,Automatic,40203,2014,Ford,F350 Crew Lariat,Truck,,,6.7L,,LARIAT,Black,Black,4 doors,4X4-156,false,false,false,false,true,true,true,true,true,true,false,true,false,true,true,false,false,true,true,true,true,false,false,false,true,true,false,false,true,false,false,true,true,false,true,false,false,true,false,false,false,false,false,false,false,false,false,false,false,false,false,true,false,true,true,false,false,true,true,false,true,false,true,true,true,false,true,false,true,true,false,false,false,false,false,false,false,false
31128,Car,2,true,pictures/31128_1.jpg,Gas,Available,15087A,1FTRX14829KC93913,,,17999,Automatic,130997,2009,Ford,F150,Truck,,,4.6L,S/C 4X4,XLT,Black,Grey,4DR,4 X 4,false,false,false,false,true,true,true,true,false,true,false,true,false,false,true,false,false,true,false,false,true,false,false,false,false,true,false,false,true,false,false,false,false,false,false,false,false,false,false,false,false,false,false,false,false,false,false,false,false,false,false,true,false,true,true,false,true,false,false,false,true,false,false,true,false,false,false,false,true,false,false,false,false,false,false,false,false,false
31122,Car,2,true,pictures/31122_1.jpg;pictures/31122_2.jpg;pictures/31122_3.jpg;pictures/31122_4.jpg;pictures/31122_5.jpg;pictures/31122_6.jpg;pictures/31122_7.jpg;pictures/31122_8.jpg,Gas,Available,15136A,1FTFW1EF7CFB89131,,,32999,Automatic,65335,2012,Ford,F150,Truck,,,5.0L,S/CREW 157-4X4,LARIAT,White,Black,4DR,4 X 4,false,false,false,false,true,true,true,true,true,true,false,true,false,false,true,false,false,true,true,false,true,false,false,false,false,true,false,false,true,false,false,true,true,false,true,false,false,true,false,false,false,false,false,false,false,false,false,false,false,false,false,true,false,true,true,false,false,true,true,false,true,false,true,true,false,false,true,true,true,true,false,false,false,false,false,false,false,false
31309,Car,2,true,,Gas,Available,15233A,JM1BL1SF7A1263041,,,10900,Automatic,96850,2010,Mazda,Mazda3,Sedan,,,2.0L,,GS,Grey,Black,4 doors,FWD,false,false,false,false,true,false,true,true,true,false,false,true,false,false,true,false,false,false,true,false,false,false,false,false,false,true,false,false,true,false,false,false,false,false,false,false,false,false,false,false,false,false,false,false,false,false,false,false,false,false,false,true,false,false,false,false,false,true,false,false,false,false,false,true,false,false,false,false,true,false,false,false,false,false,false,false,false,false
31274,Car,2,true,,Gas,Available,15159A,1FMYU93143KA22376,,,6599,Automatic,168083,2003,Ford,Escape,SUV,,,3.0L,4DR+HATCH,XLT,Green,Tan,4 doors,4x4,false,false,false,false,true,true,true,true,true,true,false,true,false,false,true,false,false,false,true,false,false,false,false,false,false,true,false,false,true,false,false,false,false,false,false,false,false,true,false,false,false,false,false,false,false,false,false,false,false,false,false,true,false,false,false,false,false,true,true,false,false,false,true,true,false,false,false,false,false,false,false,false,false,false,false,false,false,false
31288,Car,2,true,,Gas,Available,15183A,1FMCU9H90DUB11098,,,22999,6 Speed Automatic,91469,2013,Ford,Escape,SUV,,"<p>
	INTELLIGENT ACCESS</p>",2.0L,COMPACT SUV,SEL,Blue,Black Full Leather,4 doors,AWD,false,false,false,false,true,true,true,true,true,true,false,true,false,false,true,true,false,true,true,true,false,false,false,false,false,true,false,false,true,false,false,true,true,false,true,false,false,false,false,false,false,false,false,false,false,false,false,false,false,false,false,true,false,false,true,false,false,true,false,false,false,false,true,true,false,false,false,true,false,false,false,false,false,false,false,false,false,false
30694,Car,2,true,pictures/30694_1.jpg;pictures/30694_2.jpg;pictures/30694_3.jpg;pictures/30694_4.jpg;pictures/30694_5.jpg;pictures/30694_6.jpg;pictures/30694_7.jpg;pictures/30694_8.jpg,Diesel,Available,15026A,1FT8W3BT2CEC47764,,,48999,Automatic,55587,2012,Ford,F350,Truck,,,6.7L,,LARIAT,Black,Black,4,4x4,false,false,false,false,true,true,true,true,true,true,false,true,false,true,true,false,false,true,true,false,true,false,false,false,false,true,false,false,true,false,false,true,true,false,true,false,false,true,false,false,false,false,false,false,false,false,false,false,false,false,false,true,false,false,true,false,false,true,true,false,true,false,true,true,false,false,true,false,true,true,false,false,false,false,false,false,false,false
23118,Car,2,false,pictures/23118_1.jpg;pictures/23118_2.jpg;pictures/23118_3.jpg;pictures/23118_4.jpg;pictures/23118_5.jpg;pictures/23118_6.jpg;pictures/23118_7.jpg,Gas,Available,C1343,1FMCU9H9XDUD26018,,,29999,Automatic,19702,2013,Ford,Escape,SUV,,,2.0L,SEL,,Ruby Red,Black,4 doors,4x4,false,false,false,false,true,true,true,true,true,true,false,true,false,true,true,false,false,false,true,true,true,false,false,false,false,true,false,false,true,false,false,true,true,false,true,false,false,false,false,false,false,false,false,false,false,false,false,false,false,false,false,true,false,false,true,false,false,true,false,false,false,false,true,true,false,false,false,false,false,false,false,false,false,false,false,false,true,false
30230,Car,2,true,pictures/30230_1.jpg;pictures/30230_2.jpg;pictures/30230_3.jpg;pictures/30230_4.jpg;pictures/30230_5.jpg;pictures/30230_6.jpg;pictures/30230_7.jpg;pictures/30230_8.jpg,Gas,Available,S1507A,KNDJT2A67C7376877,,,14999,Automatic,59572,2012,KIA,Soul,Hatchback,,,2.0L,,SU,Black,Black,,FWD,false,false,false,false,true,false,true,true,false,true,false,true,false,false,true,false,false,false,true,false,false,false,false,false,false,true,false,false,true,false,false,true,false,false,true,false,false,false,false,false,false,false,false,false,false,false,false,false,false,false,false,true,false,false,false,false,false,true,false,false,false,false,true,true,false,false,false,false,false,false,false,false,false,false,false,false,false,false
31132,Car,2,true,pictures/31132_1.jpg;pictures/31132_2.jpg;pictures/31132_3.jpg;pictures/31132_4.jpg;pictures/31132_5.jpg;pictures/31132_6.jpg;pictures/31132_7.jpg;pictures/31132_8.jpg,,Available,S1590,3FA6P0T9XER249452,,,26999,Automatic,18607,2014,Ford,Fusion,Sedan,,,2.0L,,SE,Grey,Black,4,AWD,false,false,false,false,true,true,true,true,true,false,false,true,false,true,true,false,false,false,false,true,true,false,false,false,false,true,false,false,true,false,false,true,true,false,true,false,false,false,false,false,false,false,false,false,false,false,false,false,false,false,false,true,false,false,true,false,false,true,false,false,false,false,true,true,false,false,false,false,false,true,false,false,false,false,false,false,false,false
31149,Car,2,true,pictures/31149_1.jpg;pictures/31149_2.jpg;pictures/31149_3.jpg;pictures/31149_4.jpg;pictures/31149_5.jpg;pictures/31149_6.jpg;pictures/31149_7.jpg;pictures/31149_8.jpg,Gas,Available,14177B,1FTFW1EF7DKE47902,,,35999,Automatic,43503,2013,Ford,F150,Truck,,,5.0L,S/CREW 157-4X4,FX4,Grey,Black,4DR,4 X 4,false,false,false,false,true,true,true,true,true,true,false,true,false,false,true,false,false,true,true,false,true,false,false,false,false,true,false,false,true,false,false,true,true,false,true,false,false,true,false,false,false,false,false,false,false,false,false,false,false,false,false,true,false,true,true,false,false,true,true,false,true,false,true,true,true,false,true,false,true,true,false,false,false,false,false,false,false,false
30521,Car,2,true,pictures/30521_1.jpg;pictures/30521_2.jpg;pictures/30521_3.jpg;pictures/30521_4.jpg;pictures/30521_5.jpg;pictures/30521_6.jpg;pictures/30521_7.jpg;pictures/30521_8.jpg,Gas,Available,15070A,2FMDK4JC3DBC75308,,,32999,Automatic,31808,2013,Ford,Edge,SUV,,,3.5L,,SEL,Silver,Black,4 doors,AWD,false,false,false,false,true,true,true,true,true,true,false,true,false,false,true,false,false,true,true,true,true,false,false,false,false,true,false,false,true,false,true,true,true,false,true,false,false,false,false,false,false,false,false,false,false,false,false,false,false,false,false,true,false,false,false,false,false,true,false,false,false,false,false,true,false,false,false,false,true,true,false,false,false,false,false,false,false,false
31283,Car,2,true,pictures/31283_1.jpg,Gas,Available,15120A,1FTFW1EF9DKF39318,,,35999,Automatic,75551,2013,Ford,F150 Lariat,Truck,,,5.0L,,,Black,Black,4 doors,4X4-157,false,false,false,false,true,true,true,true,true,true,false,true,false,true,true,false,false,true,true,true,true,false,false,false,false,true,false,false,true,false,false,true,true,false,true,false,false,true,false,false,false,false,false,false,false,false,false,false,false,false,false,true,false,true,true,false,false,true,true,false,true,false,true,true,false,false,true,false,true,true,false,false,false,false,false,false,false,false
29413,Car,2,true,pictures/29413_1.jpg;pictures/29413_2.jpg;pictures/29413_3.jpg;pictures/29413_4.jpg;pictures/29413_5.jpg;pictures/29413_6.jpg;pictures/29413_7.jpg;pictures/29413_8.jpg,Gas,Available,14264A,1FTPW14V47FA95887,,,13900,Automatic,226322,2007,Ford,F150,Truck,,,5.4L,CREW 139 4X4,LARIAT,White,Black,4 doors,4x4,false,false,false,false,true,true,true,true,true,true,false,true,false,false,true,false,false,true,true,false,false,false,false,false,false,true,false,false,true,false,false,false,false,false,true,false,false,false,false,false,false,false,false,false,false,false,false,false,false,false,false,true,false,true,true,false,false,true,true,false,true,false,true,true,false,false,true,false,false,false,false,false,false,false,false,false,false,false
31290,Car,2,true,,Gas,Available,15060A,1FTFW1ET1CFB89132,,,31999,6 Speed Automatic,92305,2012,Ford,F150,Truck,,"<p>
	HD FLAPS, WINDOW VENT SHADES, E-LOCK</p>",3.5L,CREW 157-4X4,LARIAT,Black,Black,4,4x4,false,false,false,false,true,true,true,true,true,true,false,true,false,false,true,false,false,true,false,false,true,false,false,false,true,true,false,false,true,false,false,true,true,false,true,true,false,true,false,false,false,false,false,false,false,false,false,false,false,false,false,true,false,true,true,false,true,false,true,false,true,false,true,true,true,false,true,false,true,true,false,false,false,false,false,false,false,false
30434,Car,2,true,pictures/30434_1.jpg;pictures/30434_2.jpg;pictures/30434_3.jpg;pictures/30434_4.jpg;pictures/30434_5.jpg;pictures/30434_6.jpg;pictures/30434_7.jpg;pictures/30434_8.jpg,Gas,Available,14119A,3FADP4FJ4DM166390,,,12499,Automatic,92424,2013,Ford,Fiesta,Hatchback,,,1.6L,FWD,TITANIUM,Red,Black,4DR,FWD,false,false,false,false,true,true,true,true,true,false,false,true,false,false,true,false,false,false,false,false,true,false,false,false,false,true,false,false,true,false,true,true,false,false,true,false,false,false,false,false,false,false,false,false,false,false,false,false,false,false,false,true,false,false,true,false,false,true,false,false,false,false,true,true,false,false,false,false,false,false,false,false,false,false,false,false,false,false
30435,Car,2,true,pictures/30435_1.jpg;pictures/30435_2.jpg;pictures/30435_3.jpg;pictures/30435_4.jpg;pictures/30435_5.jpg;pictures/30435_6.jpg;pictures/30435_7.jpg;pictures/30435_8.jpg,Gas,Available,15056A,1FAHP3K26CL418540,,,14499,6 Speed Automatic,33309,2012,Ford,Focus,Hatchback,,,2.0L,,SE,Blue,Black,4 doors,FWD,false,false,false,false,true,false,true,true,true,false,false,true,false,false,true,false,false,false,false,false,true,false,false,false,false,true,false,false,true,false,false,true,false,false,true,false,false,false,false,false,false,false,false,false,false,false,false,false,false,false,false,true,false,false,true,false,false,true,false,false,false,false,true,true,false,false,false,false,false,false,false,false,false,false,false,false,false,false
31277,Car,2,true,,Gas,Available,12317A,1FTFW1ET9DFA82539,,,28999,Automatic,71581,2013,Ford,F150,Truck,,,3.5L,CREW 157 4X4,XTR,Grey,Grey,4 doors,4X4-157,false,false,false,false,true,true,true,true,false,true,false,true,false,false,true,false,false,false,true,false,true,false,false,false,false,true,false,false,true,false,false,true,false,false,false,false,false,false,false,false,false,false,false,false,false,false,false,false,false,false,false,true,false,true,false,false,true,false,true,false,true,false,true,true,false,false,true,false,true,true,false,false,false,false,false,false,false,false
31021,Car,2,true,pictures/31021_1.jpg;pictures/31021_2.jpg;pictures/31021_3.jpg;pictures/31021_4.jpg;pictures/31021_5.jpg;pictures/31021_6.jpg;pictures/31021_7.jpg;pictures/31021_8.jpg,Gas,Available,15126A,1FMCU9EG8CKB46095,,,18999,Automatic,114828,2012,Ford,Escape,SUV,,,3.0L,,LIMITED,Red,Black,4,AWD,false,false,false,false,true,true,true,true,true,true,false,true,false,true,true,false,false,false,true,false,true,false,false,false,false,true,false,false,true,false,false,true,true,false,true,false,false,false,false,false,false,false,false,false,false,false,false,false,false,false,false,false,false,false,true,false,false,true,true,false,false,false,true,true,false,false,false,false,false,true,false,false,false,false,false,false,true,false
28826,Car,2,false,pictures/28826_1.jpg;pictures/28826_2.jpg;pictures/28826_3.jpg;pictures/28826_4.jpg;pictures/28826_5.jpg;pictures/28826_6.jpg;pictures/28826_7.jpg;pictures/28826_8.jpg,Gas,Available,14316A,1FMCU9G9XDUD44097,,,28999,Automatic,32651,2013,Ford,Escape,SUV,,,2.0L,4X4,SE,Black,Black,4DR,4 X 4,false,false,false,false,true,true,true,true,true,true,false,true,false,false,true,false,false,false,false,false,true,false,false,false,false,true,false,false,true,false,false,true,false,false,true,false,false,false,false,false,false,false,false,false,false,false,false,false,false,false,false,true,false,false,true,false,false,true,false,false,false,false,true,true,false,false,false,false,false,false,false,false,false,false,false,false,true,false
30340,Car,2,true,pictures/30340_1.jpg;pictures/30340_2.jpg;pictures/30340_3.jpg;pictures/30340_4.jpg;pictures/30340_5.jpg;pictures/30340_6.jpg;pictures/30340_7.jpg;pictures/30340_8.jpg,Gas,Available,15045A,2FMDK4KC1DBA00504,,,32499,6 Speed Automatic,57486,2013,Ford,Edge,SUV,,,3.5L,,LIMITED,Grey,Black,4,AWD,false,false,false,false,true,true,true,true,true,true,false,true,false,true,true,false,false,true,true,true,true,false,false,false,false,true,false,false,true,false,true,true,true,false,true,false,false,false,false,false,false,false,false,false,false,false,false,false,false,false,false,true,false,false,true,false,false,true,false,false,false,false,false,true,false,false,false,false,true,true,false,false,false,false,false,false,true,false
30364,Car,2,true,pictures/30364_1.jpg;pictures/30364_2.jpg;pictures/30364_3.jpg;pictures/30364_4.jpg;pictures/30364_5.jpg;pictures/30364_6.jpg;pictures/30364_7.jpg;pictures/30364_8.jpg,Gas,Available,14225A,3GTRKWE38AG261249,,,26999,Automatic,110229,2010,GMC,Sierra 1500,Truck,,,5.3L,CREW,SLT,White,Black,4 doors,4 X 4,false,false,false,false,true,true,true,true,true,true,false,true,false,false,true,false,false,true,true,false,true,false,false,false,true,true,false,false,true,false,false,true,false,false,true,false,false,false,false,false,false,false,false,false,false,false,false,false,false,false,false,true,false,true,true,false,false,true,true,false,true,false,true,true,true,false,false,false,true,false,false,false,false,false,false,false,false,false
30506,Car,2,true,pictures/30506_1.jpg;pictures/30506_2.jpg;pictures/30506_3.jpg;pictures/30506_4.jpg;pictures/30506_5.jpg;pictures/30506_6.jpg;pictures/30506_7.jpg;pictures/30506_8.jpg,Gas,Available,S1536A,1FTPW14576FA86602,,,9999,Automatic,228994,2006,Ford,F150,Truck,,,5.4L,CREW 4X4,XLT,Silver,Grey,4DR,4x4,false,false,false,false,true,false,true,true,false,true,false,true,false,false,true,false,false,true,false,false,false,false,false,false,false,false,false,false,true,false,false,true,false,false,false,false,false,false,false,false,false,false,false,false,false,false,false,false,false,false,false,true,false,true,true,false,true,false,false,false,true,false,true,true,false,false,false,false,true,false,false,false,false,false,false,false,false,false
30543,Car,2,true,pictures/30543_1.jpg;pictures/30543_2.jpg;pictures/30543_3.jpg;pictures/30543_4.jpg;pictures/30543_5.jpg;pictures/30543_6.jpg;pictures/30543_7.jpg;pictures/30543_8.jpg,Diesel,Available,14333A,1GC1KYC83BF204743,,,42999,Manual,83356,2011,Chevrolet,Silverado 2500HD,Truck,,,6.6L,,LTZ,White,Tan,4 doors,4x4,false,false,false,false,true,true,true,true,true,true,false,true,false,false,true,false,false,true,true,false,true,false,false,false,false,true,false,false,true,false,false,true,false,false,true,false,false,false,false,false,false,false,false,false,false,false,false,false,false,false,false,true,false,true,false,false,false,true,true,false,true,false,true,true,false,false,false,false,true,true,false,false,false,false,false,false,false,false
30366,Car,2,true,pictures/30366_1.jpg,Gas,Available,14398C,1FTPW14504KD15688,,,7499,Automatic,180109,2004,Ford,F150,Truck,,,5.4L,CREW,XLT,Grey,Grey,4,4 X 4,false,false,false,false,true,true,true,true,false,true,false,true,false,false,true,false,false,true,true,false,true,false,false,false,false,true,false,false,true,false,false,false,false,false,false,false,false,false,false,false,false,false,false,false,false,false,false,false,false,false,false,true,false,true,true,false,false,true,true,false,true,false,true,true,false,false,true,false,true,false,false,false,false,false,false,false,false,false
29797,Car,2,true,pictures/29797_1.jpg;pictures/29797_2.jpg;pictures/29797_3.jpg;pictures/29797_4.jpg;pictures/29797_5.jpg;pictures/29797_6.jpg;pictures/29797_7.jpg;pictures/29797_8.jpg,Gas,Available,14404A,1FTFW1ET4DFC59661,,,35999,Automatic,59965,2013,Ford,F150,Truck,,,3.5L,LUXURY,FX4,Grey,Black,4 doors,4X4-145,false,false,false,false,true,true,true,true,true,true,false,true,false,false,true,false,false,true,true,true,true,false,false,false,true,true,false,false,true,false,false,true,true,false,true,false,false,true,false,false,false,false,false,false,false,false,false,false,false,false,false,true,false,true,true,false,false,true,true,false,true,false,true,true,true,false,true,true,false,true,false,false,false,false,false,false,false,false
29577,Car,2,true,pictures/29577_1.jpg;pictures/29577_2.jpg;pictures/29577_3.jpg;pictures/29577_4.jpg;pictures/29577_5.jpg;pictures/29577_6.jpg;pictures/29577_7.jpg;pictures/29577_8.jpg,Gas,Available,S1425,1FMJK2A54EEF30627,,,49999,Automatic,29030,2014,Ford,Expedition,SUV,,,5.4L,4X4,LIMITED MAX,White Platinum,Charcoal,4 doors,4x4,false,false,false,false,true,true,true,true,true,true,false,true,false,true,true,false,false,true,false,true,true,false,false,false,false,true,false,false,true,false,false,true,true,false,true,false,false,false,false,false,false,false,false,false,false,false,false,false,false,false,false,true,false,true,true,false,false,true,true,false,true,false,true,true,false,false,true,false,true,true,false,false,false,false,false,false,false,false
31135,Car,2,true,pictures/31135_1.jpg;pictures/31135_2.jpg;pictures/31135_3.jpg;pictures/31135_4.jpg;pictures/31135_5.jpg;pictures/31135_6.jpg;pictures/31135_7.jpg;pictures/31135_8.jpg,Gasoline,Available,15063B,1FTFW1EV5AFA59093,,,18499,Automatic,124005,2010,Ford,F150,Truck,,,5.4L,"SUPERCREW 157""",XTR,Tan,Tan,4,4X4-157,false,false,false,false,true,true,true,true,false,true,false,true,false,false,true,false,false,true,true,false,true,false,false,false,false,true,false,false,true,false,false,true,false,false,false,false,false,false,false,false,false,false,false,false,false,false,false,false,false,false,false,true,false,true,false,false,true,false,true,false,true,false,true,true,false,false,false,true,true,true,false,false,false,false,false,false,false,false
31133,Car,2,true,,Gas,Available,15093B,1B3ES47C5VD226348,,,1499,Automatic,219757,1997,Dodge,Neon,Sedan,,,2.0L,,,Green,Grey,4,FWD,false,false,false,false,true,false,true,false,true,false,false,true,false,false,false,false,false,false,false,false,false,false,false,false,false,true,false,false,false,false,false,false,false,false,false,false,false,false,false,false,false,false,false,false,false,false,false,false,false,false,false,false,false,false,false,false,false,true,false,false,false,false,false,true,false,false,false,false,false,false,false,false,false,false,false,false,false,false
31134,Car,2,true,pictures/31134_1.jpg;pictures/31134_2.jpg;pictures/31134_3.jpg;pictures/31134_4.jpg;pictures/31134_5.jpg;pictures/31134_6.jpg;pictures/31134_7.jpg;pictures/31134_8.jpg,Gas,Available,S1598,1FMCU9G96DUA19138,,,25999,Automatic,61980,2013,Ford,Escape,SUV,,,2.0L,,SE,White,Black,4,4x4,false,false,false,false,true,false,true,true,true,true,false,true,false,false,true,false,false,true,false,false,true,false,false,false,false,true,false,false,true,false,false,true,false,false,true,false,false,false,false,false,false,false,false,false,false,false,false,false,false,false,false,true,false,false,true,false,false,true,false,false,false,false,true,true,false,false,false,true,false,false,false,false,false,false,false,false,true,false
30314,Car,2,true,pictures/30314_1.jpg;pictures/30314_2.jpg;pictures/30314_3.jpg;pictures/30314_4.jpg;pictures/30314_5.jpg;pictures/30314_6.jpg;pictures/30314_7.jpg;pictures/30314_8.jpg,Gas,Available,15006A,1FTFW1ET9DKE36387,,,33999,6 Speed Automatic,57333,2013,Ford,F150,Truck,,,3.5L,,LARIAT,Green,Black,4,4WD,false,false,false,false,true,true,true,true,true,true,false,true,false,false,true,false,false,true,true,false,true,false,false,false,false,true,false,false,true,false,false,true,true,false,true,false,false,true,false,false,false,false,false,false,false,false,false,false,false,false,false,true,false,true,true,true,false,true,true,false,true,false,true,true,false,false,true,false,true,true,false,false,false,false,false,false,false,false
31022,Car,2,true,,Gas,Available,P1579,1ZVBP8CF1E5307803,,,37999,6 Speed Manual,366,2014,Ford,Mustang GT,Coupe,,,5.0L,,GT,White,Charcoal,2,RWD,false,false,false,false,true,true,true,true,true,true,false,true,false,false,true,false,false,false,false,false,true,false,false,false,false,true,false,false,true,false,true,true,false,false,true,false,false,false,false,false,false,false,false,false,false,false,false,false,false,false,false,true,false,false,true,false,false,true,false,false,false,false,true,true,false,false,false,false,false,false,false,false,false,false,false,false,false,false
26986,Car,2,false,pictures/26986_1.jpg;pictures/26986_2.jpg;pictures/26986_3.jpg;pictures/26986_4.jpg;pictures/26986_5.jpg;pictures/26986_6.jpg;pictures/26986_7.jpg,Gas,Available,S1415,1FBSS3BL5DDA82421,,,33900,Automatic,17268,2013,Ford,E350 XLT,Van,,,5.4L,15 PASS ECONOLINE,,Silver,Gray,5DR,RWD,false,false,false,false,true,false,true,true,false,true,false,true,false,false,true,false,false,true,false,false,true,false,false,false,false,true,false,false,true,false,false,true,true,false,false,false,false,false,false,false,false,false,false,false,false,false,false,false,false,false,false,true,false,false,false,false,false,true,true,false,false,false,false,true,false,false,false,false,false,false,false,false,false,false,false,false,false,false
30544,Car,2,true,,Gas,Available,15106A,3C3EY55E95T341363,,,7999,Automatic,130101,2005,Chrysler,PT Cruiser,Convertible,,,2.4L,,TOURING,Cream,Black,2,FWD,false,false,false,false,true,false,true,true,true,false,false,true,false,false,true,false,false,false,false,false,true,false,false,false,false,true,false,false,true,false,false,false,false,false,false,false,false,false,false,false,false,false,false,false,false,false,false,false,false,false,false,false,false,false,false,false,false,true,false,false,false,false,true,false,false,false,false,false,false,false,false,false,false,false,false,false,false,false
31228,Car,2,true,,Gas,Available,15144A,1FTWW31Y39EA78819,,,22999,Automatic,121219,2009,Ford,E350 XLT,Truck,,,,,XLT,Tan,Tan,4 doors,4x4,false,false,false,false,true,true,true,true,false,true,false,true,false,false,true,false,false,true,true,false,false,false,false,false,true,true,false,false,true,false,true,true,false,false,true,false,false,true,false,false,false,false,false,false,false,false,false,false,false,false,false,true,false,true,false,false,true,false,true,false,true,false,true,true,true,false,false,false,true,false,false,false,false,false,false,false,false,false
31276,Car,2,true,,Gas,Available,15122,1FTPW14V87FB27921,,,13999,Automatic,199564,2007,Ford,F150 Lariat,Truck,,,5.4L,4DR 4X4,LARIAT,White,Black,4 doors,4x4,false,false,false,false,true,true,true,true,false,true,false,true,false,true,true,false,false,true,false,false,true,false,false,false,true,true,false,false,false,false,false,false,true,false,true,false,false,false,false,false,false,false,false,false,false,false,false,false,false,false,false,true,false,false,true,false,false,true,true,false,true,false,true,true,false,false,true,true,true,false,false,false,false,false,false,false,false,false
30006,Car,2,true,pictures/30006_1.jpg;pictures/30006_2.jpg;pictures/30006_3.jpg;pictures/30006_4.jpg;pictures/30006_5.jpg;pictures/30006_6.jpg;pictures/30006_7.jpg;pictures/30006_8.jpg,Gas,Available,15020A,1FMCU9EG7BKC66436,,,18999,Automatic,96078,2011,Ford,Escape,SUV,,,3.0L,,LIMITED,Black,Black,4 doors,4x4,false,false,false,false,true,false,true,true,true,true,false,false,false,true,true,false,false,false,false,false,true,false,false,false,false,true,false,false,true,false,false,true,false,false,true,false,false,false,false,false,false,false,false,false,false,false,false,false,false,false,false,false,false,false,false,false,false,true,false,false,false,false,true,true,false,false,false,false,true,false,false,false,false,false,false,false,false,false
28376,Car,2,false,pictures/28376_1.jpg;pictures/28376_2.jpg;pictures/28376_3.jpg;pictures/28376_4.jpg;pictures/28376_5.jpg;pictures/28376_6.jpg;pictures/28376_7.jpg;pictures/28376_8.jpg,Gas,Available,14005A,1ZVBP8FF2C5218878,,,29999,Automatic,52461,2012,Ford,Mustang,Coupe,,,5.0L,CONVERTABLE RWD,GT,Black,Black,2 doors,RWD,false,false,false,false,true,true,true,true,false,false,false,true,false,false,true,false,false,false,false,false,true,false,false,false,false,true,false,false,false,false,false,true,false,false,true,false,false,false,false,false,false,false,false,false,false,false,false,false,false,false,false,true,false,false,true,false,false,true,false,false,false,false,true,true,false,false,false,false,false,false,false,false,false,false,false,false,false,false
29675,Car,2,true,pictures/29675_1.jpg;pictures/29675_2.jpg;pictures/29675_3.jpg;pictures/29675_4.jpg;pictures/29675_5.jpg;pictures/29675_6.jpg;pictures/29675_7.jpg;pictures/29675_8.jpg,Gas,Available,S1430,2FMHK6C83EBD30055,,,31999,Automatic,20558,2014,Ford,Flex,Crossover,,,3.5L,,SEL,White,Black,4 doors,AWD,false,false,false,false,true,true,true,true,true,true,false,true,false,true,true,false,false,false,true,true,true,false,false,false,false,true,false,false,true,false,false,true,true,false,true,false,false,false,false,false,false,false,false,false,false,false,false,false,false,false,false,true,false,false,true,false,false,true,false,false,false,false,true,true,false,false,false,false,false,true,false,false,false,false,false,false,false,false
31289,Car,2,true,,Gas,Available,15212A,1FTFX1EF8DKF50159,,,24999,6 Speed Automatic,39515,2013,Ford,F150,Truck,,,5.0L,S/C 145,STX,Oxford White,Grey,4 doors,4 X 4,false,false,false,false,true,false,true,false,false,true,false,true,false,false,false,false,false,true,false,false,true,false,false,false,false,true,false,false,false,false,false,true,false,false,false,false,false,true,false,false,false,false,false,false,false,false,false,false,false,false,false,true,false,false,false,false,true,false,false,false,true,false,true,true,false,false,false,false,true,false,false,false,false,false,false,false,false,false
31002,Car,2,true,pictures/31002_1.jpg,Gas,Available,15110A,1FAFP53UX7A210066,,,3499,Automatic,231399,2007,Ford,Taurus,Sedan,,,3.0L,,SE,White,Grey,4,FWD,false,false,false,false,true,false,true,true,true,false,false,true,false,false,true,false,false,false,false,false,false,false,false,false,false,true,false,false,false,false,false,false,false,false,false,false,false,false,false,false,false,false,false,false,false,false,false,false,false,false,false,true,false,false,false,false,true,false,false,false,false,false,false,true,false,false,false,false,false,false,false,false,false,false,false,false,false,false
28055,Car,2,true,pictures/28055_1.jpg;pictures/28055_2.jpg;pictures/28055_3.jpg;pictures/28055_4.jpg;pictures/28055_5.jpg;pictures/28055_6.jpg;pictures/28055_7.jpg;pictures/28055_8.jpg,Gas,Available,12224B,3D4GH57V99T193094,,,13900,Automatic,123895,2009,Dodge,Journey,Crossover,,,3.5L,SXT,,Red,Black,4 doors,AWD,false,false,false,false,true,true,true,true,true,true,false,true,false,false,true,false,false,false,true,false,true,false,false,false,false,true,false,false,true,false,false,true,false,false,false,false,false,false,false,false,false,false,false,false,false,false,false,false,false,false,false,true,false,false,true,false,false,true,false,false,false,false,true,true,false,false,false,false,false,true,false,false,false,false,false,false,false,false
30545,Car,2,true,pictures/30545_1.jpg;pictures/30545_2.jpg;pictures/30545_3.jpg;pictures/30545_4.jpg;pictures/30545_5.jpg;pictures/30545_6.jpg;pictures/30545_7.jpg;pictures/30545_8.jpg,Gas,Available,15061A,1FTFW1EF4DKD62435,,,37999,Automatic,49229,2013,Ford,F150,Truck,,,5.0L,,LARIAT,Kodiac Brown,Black,4,4x4,false,false,false,false,true,true,true,true,true,true,false,true,false,true,true,false,false,true,true,true,true,false,false,false,true,true,false,false,true,false,false,true,true,false,true,false,false,true,false,false,false,false,false,false,false,false,false,false,false,false,false,true,false,true,true,false,false,true,true,false,true,false,true,true,false,false,true,false,true,true,false,false,false,false,false,false,false,false
29205,Car,2,true,pictures/29205_1.jpg;pictures/29205_2.jpg;pictures/29205_3.jpg;pictures/29205_4.jpg;pictures/29205_5.jpg;pictures/29205_6.jpg;pictures/29205_7.jpg;pictures/29205_8.jpg,Gas,Available,14363A,1FMJU2A56CEF03629,,,34999,Automatic,109322,2012,Ford,Expedition,SUV,,,5.4L V8,4X4,LIMITED,Black,Black,4 doors,4x4,false,false,false,false,true,true,true,true,true,true,false,true,false,true,true,true,false,true,true,false,true,false,false,false,false,true,false,false,true,false,false,true,false,false,true,false,false,false,false,false,false,false,false,false,false,false,false,false,false,false,false,true,false,false,true,false,false,true,true,false,true,true,true,true,false,false,true,false,false,true,false,false,false,false,false,false,true,false
29589,Car,2,true,pictures/29589_1.jpg,Gas,Available,P1428,1FAFP53U7YG220875,,,2999,Automatic,276528,2000,Ford,Taurus,Sedan,,,3.0L,FWD,SE,Black,Charcoal,4 doors,FWD,false,false,false,false,true,true,true,true,false,false,false,false,false,false,true,false,false,false,false,false,false,false,false,false,false,true,false,false,true,false,true,false,false,false,false,false,false,false,false,false,false,false,false,false,false,false,false,false,false,false,false,true,false,false,false,false,true,false,false,false,false,false,false,true,false,false,false,false,false,false,false,false,false,false,false,false,false,false
30311,Car,2,true,pictures/30311_1.jpg;pictures/30311_2.jpg;pictures/30311_3.jpg;pictures/30311_4.jpg;pictures/30311_5.jpg;pictures/30311_6.jpg;pictures/30311_7.jpg;pictures/30311_8.jpg,Gas,Available,14045A,KMHCT4AE4CU055789,,,8999,6 Speed Manual,99084,2012,Hyundai,Accent,Sedan,,,1.6L,COMPACT SEDAN,BASE,Silver,Black,4,FWD,false,false,false,false,true,false,true,true,false,false,false,true,false,false,true,false,false,false,false,false,false,false,false,false,false,false,false,false,true,false,false,false,false,false,false,false,false,false,false,false,false,false,false,false,false,false,false,false,false,false,false,true,false,false,false,false,false,false,false,false,false,false,false,true,false,false,false,false,false,false,false,false,false,false,false,false,false,false
31275,Car,2,true,pictures/31275_1.jpg;pictures/31275_2.jpg;pictures/31275_3.jpg;pictures/31275_4.jpg;pictures/31275_5.jpg;pictures/31275_6.jpg;pictures/31275_7.jpg;pictures/31275_8.jpg,Gas,Available,15103A,1FTFW1EV0AFC99877,,,21999,Automatic,147159,2010,Ford,F150,Truck,,,5.4L,CREW 157-4X4,FX4,Black,Black,4 doors,4x4,false,false,false,false,true,false,true,true,true,true,false,true,false,false,true,false,false,true,true,false,true,false,false,false,false,true,false,false,true,false,false,false,true,false,false,false,false,false,false,false,false,false,false,false,false,false,false,false,false,false,false,true,false,false,true,false,false,true,true,false,false,false,true,true,true,false,false,false,true,false,false,false,false,false,false,false,false,false
30223,Car,2,true,pictures/30223_1.jpg,Gas,Available,14380A,1D4GP24R47B188005,,,6999,Automatic,181045,2007,Dodge,Grand Caravan,Van,,,3.3L,MINI VAN,SE,Red,Grey,5,FWD,false,false,false,false,true,true,true,true,false,true,false,true,false,false,true,false,false,false,false,false,false,false,false,false,false,true,false,false,true,false,false,false,false,false,false,false,false,false,false,false,false,false,false,false,false,false,false,false,false,false,false,false,false,false,false,false,false,true,false,false,false,false,false,true,false,false,false,false,false,false,false,false,false,false,false,false,false,false
31281,Car,2,true,,Gas,Available,15174B,1ZVBP8CF0E5220698,,,31999,6 Speed Manual,32153,2014,Ford,Mustang GT,Coupe,,,5.0L V8,,,Black,Red,2 doors,RWD,false,false,false,false,true,true,true,true,true,true,false,true,false,true,true,false,false,false,false,true,true,false,false,false,false,true,false,false,true,false,true,true,false,false,true,false,false,false,false,false,false,false,false,false,false,false,false,false,false,false,false,true,false,false,true,false,false,true,false,false,false,false,true,true,false,false,false,false,false,false,false,false,false,false,false,false,false,false
31280,Car,2,true,,Gas,Available,15109A,1FMCU93G49KB46073,,,6499,Automatic,310191,2009,Ford,Escape XLT,SUV,,,3.0L,4DR+HATCH,XLT,Tan,Stone,4 doors,FWD,false,false,false,false,true,true,true,true,true,true,false,true,false,false,true,false,false,false,true,false,true,false,false,false,false,true,false,false,true,false,false,true,false,false,false,false,false,false,false,false,false,false,false,false,false,false,false,false,false,false,false,true,false,false,true,false,false,true,true,false,false,false,true,true,false,false,false,false,false,false,false,false,false,false,false,false,true,false
30518,Car,2,true,pictures/30518_1.jpg;pictures/30518_2.jpg;pictures/30518_3.jpg;pictures/30518_4.jpg;pictures/30518_5.jpg;pictures/30518_6.jpg;pictures/30518_7.jpg;pictures/30518_8.jpg,Gas,Available,S1553,2FMDK4JC3EBB50228,,,36999,Automatic,13443,2014,Ford,Edge,Truck,,,3.5L,,SEL,White,Charcoal,4,AWD,false,false,false,false,true,true,true,true,true,true,false,true,false,true,true,false,false,false,false,true,true,false,false,false,false,true,false,false,true,false,false,true,true,false,true,false,false,false,false,false,false,false,false,false,false,false,false,false,false,false,false,true,false,false,true,false,false,true,false,false,false,false,false,true,false,false,false,false,false,true,false,false,false,false,false,false,false,false
30200,Car,2,true,pictures/30200_1.jpg;pictures/30200_2.jpg;pictures/30200_3.jpg;pictures/30200_4.jpg;pictures/30200_5.jpg;pictures/30200_6.jpg;pictures/30200_7.jpg;pictures/30200_8.jpg,Gas,Available,S1509,1FM5K8F84EGB03153,,,44999,Automatic,12635,2014,Ford,Explorer,SUV,,,3.5L,4X4,LIMITED,Black,Charcoal,4 doors,4 X 4,false,false,false,false,true,true,true,true,true,true,false,true,false,true,true,false,false,true,true,true,true,false,false,false,false,true,false,false,true,false,true,true,true,false,true,false,false,false,false,false,false,false,false,false,false,false,false,false,false,false,false,true,false,false,true,false,false,true,false,false,true,false,true,true,false,false,true,false,false,true,false,false,false,false,false,false,true,false
31000,Car,2,true,pictures/31000_1.jpg;pictures/31000_2.jpg;pictures/31000_3.jpg;pictures/31000_4.jpg;pictures/31000_5.jpg;pictures/31000_6.jpg;pictures/31000_7.jpg;pictures/31000_8.jpg,Gas,Available,15118A,1FTFW1EF5BFB35177,,,26999,Automatic,58788,2011,Ford,F150,Truck,,,5.0L,,XTR,Tan,Tan,4,4x4,false,false,false,false,true,true,true,true,false,true,false,true,false,false,true,false,false,true,true,false,true,false,false,false,false,true,false,false,true,false,false,true,false,false,false,false,false,false,false,false,false,false,false,false,false,false,false,false,false,false,false,true,false,true,true,false,true,false,true,false,false,false,true,true,false,false,true,false,true,false,false,false,false,false,false,false,false,false
30199,Car,2,true,pictures/30199_1.jpg;pictures/30199_2.jpg;pictures/30199_3.jpg;pictures/30199_4.jpg;pictures/30199_5.jpg;pictures/30199_6.jpg;pictures/30199_7.jpg;pictures/30199_8.jpg,Gas,Available,S1508,1FMJK2A52EEF35244,,,48999,Automatic,32058,2014,Ford,Expedition,SUV,,,5.4L,4X4,LIMITED MAX,Gray,Charcoal,4 doors,4 X 4,false,false,false,false,true,true,true,true,true,true,false,true,false,true,true,false,false,true,false,true,true,false,false,false,false,true,false,false,true,false,false,true,true,false,true,false,false,false,false,false,false,false,false,false,false,false,false,false,false,false,false,true,false,true,true,false,false,true,false,false,true,false,true,true,false,false,true,false,true,true,false,false,false,false,false,false,true,false
31295,Car,2,true,,Diesel,Available,14374B,1FTWW33PX3ED21022,,,13999,5 Speed Automatic,233378,2003,Ford,F350,Truck,,,6.0L,CREW DRW,LARIAT FX4 SPECIAL,Blue,Gray Leather,4 doors,4 X 4,false,false,false,false,true,true,true,true,false,true,false,true,false,false,true,false,false,true,false,false,false,false,false,false,true,true,false,false,true,false,false,false,true,false,true,false,false,true,false,false,false,false,false,false,false,false,false,false,false,false,false,true,true,true,true,false,true,false,true,true,true,false,true,true,false,false,true,true,true,false,false,false,false,false,false,false,false,false
30515,Car,2,true,pictures/30515_1.jpg;pictures/30515_2.jpg;pictures/30515_3.jpg;pictures/30515_4.jpg;pictures/30515_5.jpg;pictures/30515_6.jpg;pictures/30515_7.jpg;pictures/30515_8.jpg,Gas,Available,15037A,1FTFW1ET7BFC08426,,,26999,Automatic,90230,2011,Ford,F150,Truck,,,3.5L,CREW 157-4X4,FX4 LUXURY,Red,Black,4,4x4,false,false,false,false,true,true,true,true,true,true,false,true,false,false,true,false,false,true,true,false,true,false,false,false,false,true,false,false,true,false,false,true,true,false,true,false,false,true,false,false,false,false,false,false,false,false,false,false,false,false,false,true,false,true,true,false,false,true,true,false,true,false,true,true,true,false,true,false,true,true,false,false,false,false,false,false,false,false
31285,Car,2,true,,,Available,15173A,5XYKTDA22DG389361,,,24999,Automatic,73995,2013,Kia,Sorento,SUV,,,3.5L,,EX,Red,Black,4 doors,AWD,false,false,false,false,true,false,true,true,true,true,false,true,false,false,true,false,false,false,false,false,true,false,false,false,false,true,false,false,true,false,false,true,true,false,true,false,false,false,false,false,false,false,false,false,false,false,false,false,false,false,false,true,false,false,true,false,false,true,false,false,false,false,true,true,false,false,false,false,false,false,false,false,false,false,false,false,false,false
31294,Car,2,true,,Gas,Available,15231A,1FMCU9H98DUA56111,,,24999,Automatic,67785,2013,Ford,Escape,SUV,,,2.0L,,SEL,Red,Grey,4,4x4,false,false,false,false,true,false,true,true,true,false,false,true,false,true,true,false,false,false,false,false,true,false,false,false,false,true,false,false,true,false,false,true,false,false,true,false,false,false,false,false,false,false,false,false,false,false,false,false,false,false,false,true,false,false,true,false,false,true,false,false,false,false,true,true,false,false,false,false,false,false,false,false,false,false,false,false,false,false
31020,Car,2,true,pictures/31020_1.jpg;pictures/31020_2.jpg;pictures/31020_3.jpg;pictures/31020_4.jpg;pictures/31020_5.jpg;pictures/31020_6.jpg;pictures/31020_7.jpg;pictures/31020_8.jpg,Gas,Available,14408A,1FM5K8D89DGB08768,,,27999,Automatic,94878,2013,Ford,Explorer,SUV,,,3.5L,,XLT,White,Stone,4,AWD,false,false,false,false,true,true,true,true,true,true,false,true,false,true,true,false,false,true,false,true,true,false,false,false,false,true,false,false,true,false,true,true,true,false,true,false,false,false,false,false,false,false,false,false,false,false,false,false,false,false,false,true,false,false,true,false,false,true,false,false,false,false,true,true,false,false,false,false,true,true,false,false,false,false,false,false,true,false
31278,Car,2,true,,Gas,Available,E1585A,1C3ES46C92D630303,,,1999,Automatic,332648,2002,Chrysler,Neon,Sedan,,,2.0L,,LE,Silver,Black,4 doors,FWD,false,false,false,false,true,false,true,false,true,false,false,true,false,false,false,false,false,false,true,false,false,false,false,false,false,true,false,false,true,false,false,false,false,false,false,false,false,false,false,false,false,false,false,false,false,false,false,false,false,false,false,true,false,false,false,false,false,true,false,false,false,false,false,true,false,false,false,false,false,false,false,false,false,false,false,false,false,false
31292,Car,2,true,pictures/31292_1.jpg;pictures/31292_2.jpg;pictures/31292_3.jpg;pictures/31292_4.jpg;pictures/31292_5.jpg;pictures/31292_6.jpg;pictures/31292_7.jpg;pictures/31292_8.jpg,Gas,Available,15116B,1FTPW14VX9FA43716,,,27999,6 Speed Automatic,65351,2009,Ford,F150,Truck,,,5.4L,CREW 157-4X4,LARIAT,Green,Black Full Lthr,4 doors,,false,false,false,false,true,true,true,true,true,true,false,true,false,true,true,false,false,true,false,false,true,false,false,false,false,true,false,false,true,false,false,true,true,false,true,false,false,false,false,false,false,false,false,false,false,false,false,false,false,false,false,true,false,true,true,false,false,true,true,false,true,false,true,true,false,false,true,false,true,true,false,false,false,false,false,false,false,false
31126,Car,2,true,pictures/31126_1.jpg;pictures/31126_2.jpg;pictures/31126_3.jpg;pictures/31126_4.jpg;pictures/31126_5.jpg;pictures/31126_6.jpg;pictures/31126_7.jpg;pictures/31126_8.jpg,Gas,Available,E1584,1ZVBP8EM4E5323361,,,29999,Automatic,9932,2014,Ford,Mustang,Coupe,,,3.7L,RWD,PREMIUM,Grey,Black,2,RWD,false,false,false,false,true,true,true,true,false,false,false,true,false,false,true,false,false,false,false,false,true,false,false,false,false,false,false,false,true,false,false,true,true,false,true,false,false,false,false,false,false,false,false,false,false,false,false,false,false,false,false,true,false,false,true,false,false,true,false,false,false,false,true,true,false,false,false,false,false,false,false,false,false,false,false,false,false,false
31123,Car,2,true,,Gas,Available,15137A,1FMCU0H93DUB73526,,,23999,Automatic,12803,2013,Ford,Escape,SUV,,,2.0L,FWD,SEL,White,Black,4DR,FWD,false,false,false,false,true,true,true,true,true,true,false,true,false,false,true,false,false,false,false,true,true,false,false,false,false,true,false,false,true,false,false,true,false,false,true,false,false,false,false,false,false,false,false,false,false,false,false,false,false,false,false,true,false,false,true,false,false,true,false,false,false,false,true,true,false,false,false,false,false,false,false,false,false,false,false,false,true,false
31124,Car,2,true,pictures/31124_1.jpg;pictures/31124_2.jpg;pictures/31124_3.jpg;pictures/31124_4.jpg;pictures/31124_5.jpg;pictures/31124_6.jpg;pictures/31124_7.jpg;pictures/31124_8.jpg,Gas,Available,13408B,1FAHP35N59W251388,,,6999,Automatic,164111,2009,Ford,Focus,Sedan,,,2.0L,FWD,SE,Silver,Black,4DR,FWD,false,false,false,false,true,false,true,false,true,true,false,true,false,false,true,false,false,false,true,false,false,false,false,false,false,true,false,false,false,false,false,false,false,false,false,false,false,false,false,false,false,false,false,false,false,false,false,false,false,false,false,true,false,false,false,false,false,true,false,false,false,false,false,true,false,false,false,false,false,false,false,false,false,false,false,false,false,false
31287,Car,2,true,,Gas,Available,15182A,1FMCU9J90DUA15353,,,24999,6 Speed Automatic,101460,2013,Ford,Escape,SUV,,"<p>
	INTELLIGENT ACCESS</p>",2.0L,COMPACT SUV,TITANIUM,Black,Black,4 doors,AWD,false,false,false,false,true,true,true,true,true,true,false,true,false,false,true,false,false,false,true,true,true,false,false,false,false,true,false,false,true,false,false,true,true,false,true,false,false,false,false,false,false,false,false,false,false,false,false,false,false,false,false,true,false,false,true,false,false,true,false,false,false,false,true,true,false,false,false,false,false,false,false,false,false,false,false,false,false,false
31004,Car,2,true,pictures/31004_1.jpg;pictures/31004_2.jpg;pictures/31004_3.jpg;pictures/31004_4.jpg;pictures/31004_5.jpg;pictures/31004_6.jpg;pictures/31004_7.jpg;pictures/31004_8.jpg,Gas,Available,CN001,1FTWW31P05EC52105,,,12999,Automatic,318667,2005,Ford,F350,Truck,,,6.0L/V8,,LARIAT,Red,Tan,4,4x4,false,false,false,false,true,true,true,true,true,true,false,true,false,false,true,false,false,true,false,false,true,false,false,false,false,true,false,false,true,false,false,false,false,false,true,false,false,true,false,false,false,false,false,false,false,false,false,false,false,false,false,true,false,true,true,false,true,false,true,false,true,false,true,true,true,false,true,false,true,false,false,false,false,false,false,false,false,false
31291,Car,2,true,,Gas,Available,15185A,1FADP3F27DL154397,,,13999,6 Speed Automatic,75588,2013,Ford,Focus,Sedan,,"<p>
	MOLDED FLAPS</p>",2.0L,,SE,Red,Black,4 doors,FWD,false,false,false,false,true,false,true,true,true,false,false,true,false,false,true,false,false,false,false,false,true,false,false,false,false,true,false,false,true,false,false,true,false,false,true,false,false,false,false,false,false,false,false,false,false,false,false,false,false,false,false,true,false,false,true,false,false,true,false,false,false,false,false,true,false,false,false,false,false,false,false,false,false,false,false,false,false,false
31150,Car,2,true,pictures/31150_1.jpg;pictures/31150_2.jpg;pictures/31150_3.jpg;pictures/31150_4.jpg;pictures/31150_5.jpg;pictures/31150_6.jpg;pictures/31150_7.jpg;pictures/31150_8.jpg,Gas,Available,C15102,1FTNE2EW7EDA34789,,,26999,Automatic,14101,2014,Ford,Econoline,Van,,,4.6L,RWD,XLT,White,Grey,4DR,,false,false,false,false,false,false,true,false,false,false,false,false,false,false,true,false,false,false,false,false,true,false,false,false,false,true,false,false,false,false,false,false,false,false,false,false,false,false,false,false,false,false,false,false,false,false,false,false,false,false,false,true,false,false,false,false,false,true,true,false,false,false,false,true,false,false,false,false,false,false,false,false,false,false,false,false,false,false
31010,Car,2,true,pictures/31010_1.jpg;pictures/31010_2.jpg;pictures/31010_3.jpg;pictures/31010_4.jpg;pictures/31010_5.jpg;pictures/31010_6.jpg;pictures/31010_7.jpg;pictures/31010_8.jpg,Gas,Available,14437B,1FAHP2H81DG132708,,,23999,Automatic,36861,2013,Ford,Taurus,Sedan,,,3.5L,,SEL,Red,Black,4,AWD,false,false,false,false,true,true,true,true,true,false,false,false,false,true,true,false,false,false,false,true,true,false,false,false,false,true,false,false,true,false,false,true,true,false,true,false,false,false,false,false,false,false,false,false,false,false,false,false,false,false,false,true,false,false,true,false,false,true,false,false,false,false,true,true,false,false,true,false,false,true,false,false,false,false,false,false,false,false
31011,Car,2,true,pictures/31011_1.jpg;pictures/31011_2.jpg;pictures/31011_3.jpg;pictures/31011_4.jpg;pictures/31011_5.jpg;pictures/31011_6.jpg;pictures/31011_7.jpg;pictures/31011_8.jpg,Gas,Available,15100A,2FMDK4JC5DBA11684,,,30900,Automatic,40846,2013,Ford,Edge,SUV,,,3.5L,,SEL,Grey,Black,4,AWD,false,false,false,false,true,true,true,true,true,true,false,true,false,true,true,false,false,false,true,true,true,false,false,false,false,true,false,false,true,false,false,true,true,false,true,false,false,false,false,false,false,false,false,false,false,false,false,false,false,false,false,true,false,false,true,false,false,true,false,false,false,false,true,true,false,false,false,false,false,true,false,false,false,false,false,false,false,false
31235,Car,2,true,pictures/31235_1.jpg;pictures/31235_2.jpg;pictures/31235_3.jpg;pictures/31235_4.jpg;pictures/31235_5.jpg;pictures/31235_6.jpg;pictures/31235_7.jpg;pictures/31235_8.jpg,Gas,Available,15096A,3GCPKREA8CG288851,,,24999,6 Speed Automatic,38523,2012,Chevrolet,Silverado 1500,Truck,,,4.8L V8,CREW 4X4,LS,Black,Black,4 doors,4x4,false,false,false,false,true,false,true,true,false,true,false,true,false,false,true,false,false,true,false,false,true,false,false,false,false,true,false,false,true,false,false,false,false,false,false,false,false,false,false,false,false,false,false,false,false,false,false,false,false,false,false,true,false,true,true,false,true,false,true,false,false,false,false,true,false,false,false,true,true,false,false,false,false,false,false,false,false,false
31013,Car,2,true,pictures/31013_1.jpg,Gas,Available,14437A,1FTPW14586KD05056,,,13999,AU,118159,2006,Ford,F150,Truck,,,5.4L,,KING RANCH,Burgundy,,4,4x4,false,false,false,false,true,true,true,true,false,true,false,true,false,true,true,false,false,true,true,false,true,false,false,false,false,false,false,false,true,false,false,false,false,false,true,false,false,false,false,false,false,false,false,false,false,false,false,false,false,false,false,true,false,false,true,false,false,true,false,false,true,false,true,true,false,false,true,false,false,false,false,false,false,false,false,false,false,false
31015,Car,2,true,pictures/31015_1.jpg;pictures/31015_2.jpg;pictures/31015_3.jpg;pictures/31015_4.jpg;pictures/31015_5.jpg;pictures/31015_6.jpg;pictures/31015_7.jpg;pictures/31015_8.jpg,Gas,Available,15098A,1FMHK8D88CGA97130,,,28999,,97967,2012,Ford,Explorer,SUV,,,3.5L,,XLT,Blue,Black,4,4x4,false,false,false,false,true,true,true,true,true,true,false,true,false,false,true,false,false,true,true,true,true,false,false,false,false,true,false,false,true,false,false,true,false,false,true,false,false,false,false,false,false,false,false,false,false,false,false,false,false,false,false,true,false,false,true,false,false,true,false,false,false,false,true,true,false,false,false,false,false,true,false,false,false,false,false,false,true,false
31293,Car,2,true,,Gas,Available,15167A,1FAFP34N25W180878,,,4499,4 Speed Automatic,181559,2005,Ford,Focus,Sedan,,,2.0L,,ZX4,Beige,Tan,4DR,,false,false,false,false,true,false,true,true,true,false,false,true,false,false,true,true,false,false,false,false,true,false,false,false,false,true,false,false,true,false,false,false,false,false,true,false,false,false,false,false,false,false,false,false,false,false,false,false,false,false,false,true,false,false,false,false,false,true,false,false,false,false,true,true,false,false,false,false,false,false,false,false,false,false,false,false,false,false
31279,Car,2,true,,Gas,Available,15149A,2FMDK4JC5BBA65502,,,19999,Automatic,138565,2011,Ford,Edge,SUV,,,3.5L,CUV AWD,SEL,Silver,Black,4DR,AWD,false,false,false,false,true,true,true,true,true,true,false,true,false,true,true,false,false,true,true,true,true,false,false,false,false,true,false,false,true,false,false,true,true,false,true,false,false,false,false,false,false,false,false,false,false,false,false,false,false,false,false,true,false,false,true,false,false,true,false,false,false,false,false,true,false,false,false,false,false,false,false,false,false,false,false,false,false,false
31266,Car,2,true,,Gas,Available,15179,1FTFW1ET3CFB76737,,,30999,Automatic,47139,2012,Ford,F150,Truck,,,3.5L,CREW 157,XTR,Red,Grey,4 doors,,false,false,false,false,true,true,true,true,false,true,false,true,false,false,true,false,false,true,true,false,true,false,false,false,false,true,false,false,true,false,false,true,false,false,false,false,false,false,false,false,false,false,false,false,false,false,false,false,false,false,false,true,false,true,true,false,true,false,true,false,true,false,true,true,false,false,true,false,true,false,false,false,false,false,false,false,false,false
